1000placestoseebeforeyoudie,Y,Best places,,1000 places to see before you die
100ideasoffice,N,,,100 ideas office
100mostbeautifulpinays,Y,Beautiful,,100 most beautiful pinay s
1017squad,N,,,1017squad
101amazingfactsbymhqamazing,N,,,101amazingfactsbymhq amazing
101daysofsmiles,N,,,101 days of smiles
101top,N,,,101top
101x,N,,,101x
101years,N,,,101 years
10babygiftideas,Y,children,Gift Ideas,10 baby gift ideas
10reasonswhypeoplefollowbrands,Y,brands,,10 reasons why people follow brands
15unspokenrulesofcourtesy,Y,rules,,15 unspoken rules of courtesy
1800577tips,N,,,1800577tips
1millndeproblemas,N,,,1millnde problem as
1movieintheworld,N,,,1 movie in the world
1ofmy99problemsis,N,,,1ofmy99 problems is
1yearsinceproblem,N,,,1 year since problem
2018winterolumpics,N,,,2018winterolumpics
21picsofharryfrommycameraroll,Y,camera roll,,21 pics of harry from my camera roll
2kproblems,N,,,2k problems
365pics,N,,,365pics
3bestwordsever,Y,Best Words,,3 best words ever
46thboxofficeentertainmentawards2015,N,,,46th box office entertainment awards 2015
4bestwordsever,Y,Best Words,,4 best words ever
50facts,N,,,50 facts
50factsaboutme,Y,about me,,50 facts about me
50favpicsofcalumrt,N,,,50favpicsofcalumrt
50favpicsofpesy,N,,,50favpicsofpesy
50greatestbandsandartists,Y,bands,artists,50 greatest bands and artists
55millionsbeliebersintheworld,N,,,55millionsbeliebers in the world
5secondsofsummerbestbandmtvawards,N,,,5 seconds of summer best band mtv awards
5starcriminals,Y,Criminals,,5 star criminals
5thingsmybosssays,Y,Boss,,5 things my boss says
6thgoldenscreentvawards,N,,,6th golden screen tv awards
6wordacceptancespeech,Y,acceptance speech,,6word acceptance speech
7thgradeconfession,Y,confessions,,7th grade confession
80smemories,Y,80s,memories,80s memories
8daysuntilproblem,N,,,8 days until problem
90sinsults,Y,90s,insult,90s insults
90stvshows,Y,90s,tv show,90stv shows
90svideosbelike,Y,90s,video,90s videos be like
a101qa,N,,,a101qa
a90sbabyknows,Y,90s,,a90s baby knows
aatoptenreviews,N,,,aa top ten reviews
acmawardshttpstcoek0edbuu41,N,,,acm awards httpstcoek0edbuu41
adventuresinbabysitting,Y,babysitting,,adventures in babysitting
advertisingtips,Y,Advertising tips,,advertising tips
advicefory,N,,,advice for y
africanlivesmatter,Y,African Lives,,african lives matter
africanparentsbelike,Y,african parents,,african parents be like
ahlanawardshttptcofvfbzxwjiw,N,,,ahl an award shttptcofvfbzxwjiw
akitakajofacts,N,,,akita kaj of acts
allblacklivesmatter,Y,Blacks,,all black lives matter
allkpopawardshttptcokslwiahcwr,N,,,all kpop awards httptcokslwiahcwr
allpics,N,,,all pics
americainfivewords,Y,america,,america in five words
americanhorrorstorys,Y,america,stories,american horror story s
annoyyourpartnerin5words,Y,annoy,,annoy your partner in 5 words
ant101uwl,N,,,ant101uwl
antiterroriststrategy,Y,terrorism,,antiterrorist strategy
appleosx1011,N,,,apple osx1011
artistsyoucantdislike,Y,artist,,artists you cant dislike
asatadinersawards,N,,,as at a diners awards
awardwinningmorningrush,N,,,award winning morning rush
backwheniwaslittle,Y,children,,back when i was little
bakasyonproblemsbad,N,,,baka syon problems bad
bandsthatareperfect,Y,bands,perfect,bands that are perfect
bdubsproblems,N,,,b dubs problems
bebtips,N,,,be b tips
bestbirthdaypresentever,Y,Birthday,Gift Ideas,best birthday present ever
bestcityintheworld,Y,city,,best city in the world
bestcomplimentever,Y,compliment,,best compliment ever
bestfeelingintheworld,Y,best feeling,,best feeling in the world
bestofbengaluru,Y,bengaluru,,best of bengal uru
bestplaceonearth,Y,Best Places,,best place on earth
bestplacestoswim,Y,Best Places,,best places to swim
bestplayerintheworld,Y,best player,,best player in the world
betawardsbeyonc,N,,,bet awards be y on c
betterpics,N,,,better pics
bibletruths,Y,bible,,bible truths
birthdaypartywishlists,Y,birthday,party,birthday party wishlists
birthdaywishlists,Y,birthday,wishlist,birthday wishlists
blackcelebsbelike,Y,Blacks,,black celebs be like
blackgirlsfamouslines,Y,blacks,women,black girls famous lines
blackmomscatchphrase,Y,Blacks,,black moms catchphrase
blacktranslivesmatter,Y,blacks,,black trans lives matter
blackwomeninhollywood,Y,blacks,hollywood,black women in hollywood
blackwomenslivesmatter,Y,Blacks,,black womens lives matter
bloggers4amazon,Y,blog,,bloggers 4 amazon
breakfastofchampions,Y,breakfast of champions,,breakfast of champions
breakupin4words,Y,breakup,,break up in 4 words
breakupin5words,Y,breakup,,break up in 5 words
bringbackourchildhood,Y,Childhood,,bring back our childhood
britainsbrighteststreet,Y,britain,,britains brightest street
britawardshttptcoynafbk6ajc,N,,,brit awards httptcoynafbk6ajc
brokerbusinesstips,Y,business,,broker business tips
businessvideos,Y,business,,business videos
buyproblemonitunes,N,,,buy problem on itunes
capbigideas,N,,,cap big ideas
cartoonsarenottheproblemits,N,,,cartoons are not the problem its
celebrityawards2015,Y,awards,,celebrity awards 2015
childhoodfears,Y,Childhood,,childhood fears
childhoodmememories,Y,childhood,,childhood me memories
childhoodmemories,Y,childhood,memories,childhood memories
childhoodtvprogrammes,Y,Childhood,,childhood tv programmes
childrenstories,Y,children,stories,children stories
chillsnotskills,N,,,chills not skills
christmasgiftideas,Y,christmas,gift ideas,christmas gift ideas
cincyproblems,N,,,cincy problems
coachingtips,Y,Coaching tips,,coaching tips
cocmoments101,N,,,cocmoments101
collegeapocalypse,Y,college,,college apocalypse
collegeinfivewords,Y,College,,college in five words
collegerules,Y,college,,college rules
coloradoartprojectnews,Y,colorado art,project news,colorado art project news
commonannoyingbios,Y,Annoy,,common annoying bios
complimentyourselfin4words,Y,compliment,,compliment yourself in 4 words
conferenceofchampions,Y,champions,,conference of champions
confessionstour,N,,,confessions tour
conservativebandnames,Y,bands,,conservative band names
creepychildrenstoys,Y,children,,creepy childrens toys
crimeofthecentury,Y,crime,,crime of the century
criminalsminds,Y,Criminals,,criminals minds
criminalsneed,Y,criminals,,criminals need
criminalstories,Y,criminals,stories,criminal stories
culturematters,Y,culture,,culture matters
cupodcasttopics,N,,,cu podcast topics
cutestcouple2015,Y,cute couple,,cutest couple 2015
dadliferules,Y,dad,,dad life rules
dailythoughtsin4words,Y,daily thoughts,,daily thoughts in4 words
datingrules,Y,Dating,,dating rules
datingtruths,Y,dating,truths,dating truths
depressing80sfilms,Y,80s,,depressing 80s films
describethe90sin4words,Y,,,describe the 90sin4 words
diamondsofbangalore,Y,bangalore,,diamonds of bangalore
dinnerin5words,Y,Dinner,,dinner in 5 words
dinnerplans,Y,dinner,Plans,dinner plans
ditchyourdatein5words,Y,dating,,ditch your date in5 words
dpic50facts,N,,,dpic50 facts
dpk1012,N,,,dpk1012
dream101,N,,,dream 101
dumbcriminals,Y,criminals,,dumb criminals
efedadvice,N,,,e fed advice
emmyawardwinning,N,,,emmy award winning
endofthewordconfessions,Y,Confessions,,end of the word confessions
epicshot,N,,,epic shot
epicsundays,N,,,epic sundays
episodepicsbyrtw,N,,,episode pics by rtw
essureoproblems,N,,,es sure o problems
everydaylifeinafghanistan,Y,afghanistan,life,everyday life in afghanistan
excusesforthecrimein5words,Y,criminals,excuses,excuses for the crime in 5 words
exois1010,N,,,exois1010
explainthe90sin4words,Y,90s,,explain the 90sin4 words
facebookpictures,N,,,facebook pictures
factsb,N,,,facts b
factsdontlie,N,,,facts dont lie
factssssss,N,,,facts ssss s
faithfulblackwomenoftwitter,Y,blacks,twitter,faithful black women of twitter
favequotes,N,,,fave quotes
favoritebrothersmoment,Y,brother,,favorite brothers moment
favoritefemaleartist,Y,artist,,favorite female artist
favouritechildhoodbook,Y,childhood,,favourite childhood book
fergusontaughtme,N,,,ferguson taught me
fightsofthecentury,Y,Century,,fights of the century
fivewordstogetadate,Y,Dating,,five words to get a date
fivewordstomakeadatebetter,Y,Dating,,five words to make a date better
fivewordstoruinadate,Y,dating,,five words to ruin a date
fivewordstoruinadatei,Y,Dating,,five words to ruin a date i
fivewordstoruinadatewithafarmer,Y,dating,,five words to ruin a date with a farmer
fivewordstoruinaustraliaday,Y,australia,,five words to ruin australia day
flawlesslybeautifulcriminals,Y,Criminals,,flawlessly beautiful criminals
flyyourideas,N,,,fly your ideas
fourwordstoruinadate,Y,dating,,four words to ruin a date
freepictures,N,,,free pictures
fromideastoaction,N,,,from ideas to action
fundskmthpeshawardonate,N,,,funds km th peshawar donate
g101,N,,,g101
gambianoproblem,N,,,gambia no problem
geriatricbackpackertips,Y,Backpacking tips,,geriatric backpacker tips
getonpwtips,N,,,get on pw tips
gimme5confessions,N,,,gimme5 confessions
glaadawardshttptcoa7tnpxwe2s,N,,,glaad awards httptcoa7tnpxwe2s
godschristianwarriors,Y,christian,,gods christian warriors
goldenglobeawards2015,Y,awards,golden globe,golden globe awards 2015
goodadvicein4words,Y,Advice,,good advice in4 words
goodboyfriendsbelike,Y,boyfriend,,good boyfriends be like
goodcopstories,Y,stories,,good cop stories
goodreviews,N,,,good reviews
gotproblems,N,,,got problems
gucci1017,N,,,gucci1017
happy500kbobongquotes,N,,,happy 500kbobong quotes
happybirthdayharrystyles,Y,birthday,,happy birthday harry styles
hardcorecapitalist2016,Y,capitalist,,hardcore capitalist 2016
harrywemissedtheyellowswimtrunkspics,N,,,harry we missed the yellow swim trunks pics
hearhollywoodawards,Y,awards,,hear hollywood awards
henryadvice,N,,,henry advice
hintsampamptips,N,,,hints amp amp tips
hollywoodmusicawardsjustin,N,,,hollywood music awards justin
hot1015,N,,,hot1015
hot1015app,N,,,hot1015app
hottestcollegeinamerica,Y,college,,hottest college in america
howitfeelstobeablackgirl,Y,blacks,women,how it feels to be a black girl
howtoannoythecampanologists,Y,annoy,,how to annoy the camp a nolo gists
howtoannoyyourchef,Y,annoy,,how to annoy your chef
howtoappreciateyourself,Y,Appreciation,,how to appreciate yourself
howtoaskagirltohomecoming,Y,dating,,how to ask a girl to homecoming
howtoaskagirltoprom,Y,dating,prom,how to ask a girl to prom
howtoattractunwantedattention,Y,attract attention,,how to attract unwanted attention
howtobreakupwithsomeone,Y,breakup,,how to break up with someone
howtobuytips,Y,Buying tips,,how to buy tips
howtoflirtwithanative,Y,dating,,how to flirt with a native
howtogetagirl,Y,dating,,how to get a girl
hwy101,N,,,hwy101
ideasarebulletproof,N,,,ideas are bulletproof
ideasconnected,N,,,ideas connected
ideasofthebrave,N,,,ideas of the brave
ifiwereinaband,Y,bands,,if i were in a band
ifthe80sneverstopped,Y,80s,,if the 80s never stopped
ifweredating,Y,dating,,if were dating
ifyoureblackyouknow,Y,Blacks,,if youre black you know
iheartawardhttp,N,,,i heart award http
iheartawardscalum,N,,,i heart awards calum
imagenawards30,N,,,image nawards30
immaturebandnames,Y,bands,,immature band names
innocentcriminals,Y,criminals,,innocent criminals
insightsthinking,N,,,insights thinking
irishproblemsnight,N,,,irish problems night
itsonly1shesaproblem,N,,,its only 1shes a problem
ivolunteerawards,N,,,i volunteer awards
jadineonmyxmusicawardshashtag,N,,,jadi neon myx music awards hash tag
jam101,N,,,jam101
janusawards20th,N,,,janus awards 20th
justsrhsthings,N,,,just s rhs things
kanginfacts,N,,,kang in facts
kathnielatguillermoawards4,N,,,kath niel at guillermo awards 4
kc101harmonizers,N,,,kc101 harmonizer s
kidssaythedarndestthings,Y,children,,kids say the darndest things
kinglosquotes,N,,,king los quotes
lallaward,N,,,l all award
lastlinesfromgreatbooks,Y,books,,last lines from great books
lastminutebirthdayideas,Y,birthday,Gift Ideas,last minute birthday ideas
leastknownacademyawards,Y,Awards,,least known academy awards
letstalkfacts,N,,,letstalk facts
liberaltips2avoidrape,Y,avoid rape,,liberal tips2 avoid rape
lifeinpictures,N,,,life in pictures
losbritawardspora7,N,,,losbritawardspora7
madeupfacts,N,,,made up facts
makeakidshowserious,Y,children,,make a kids how serious
makeamericagreatagain,Y,america,,make america great again
makingaustraliagreat,Y,australia,,making australia great
mar15previews,N,,,mar15p reviews
mattfacts,N,,,matt facts
mexicanproblemshttpstcohyymkp1wfg,N,,,mexican problems httpstcohyymkp1wfg
miproblemaeshannibalcarter,N,,,mi problem aes hannibal carter
mispelled80sbandnames,Y,bands,,mispelled 80sb and names
missuniversecanada,Y,canada,,miss universe canada
moggyadvice,N,,,moggy advice
montanastateconfessions,N,,,montana state confessions
mostoverratedclothingbrands,Y,brands,,most overrated clothing brands
mperks,N,,,m perks
msgdoing111welfareworks101,N,,,msg doing 111welfareworks101
msgno1inblooddonation,Y,Blood Donation,,msgno1 in blood donation
msgreviewsan,N,,,msg reviews an
mtn180tips,N,,,mtn180tips
myboyfriendisnotallowedto,Y,boyfriend,,my boyfriend is not allowed to
myfavorite90scartoon,Y,90s,cartoon,my favorite 90s cartoon
mytop20bands,Y,bands,,mytop20 bands
nationalbreakfastweek,Y,Breakfast,,national breakfast week
newpictures,N,,,new pictures
newpointlessblogvideo,Y,blog,video,new pointless blog video
notavolleyballproblem,N,,,not a volleyball problem
notetomyex,Y,Dating,Reationship,note to my ex
notreallyaproblem,N,,,not really a problem
nurkompictureshttps,N,,,nur kom pictures https
officialshesaproblem,N,,,official shes a problem
ohtheplaceswecouldgo,Y,Best Places,,oh the places we could go
onlinedatingtruths,Y,Dating,,online dating truths
onlyblacklivesmatter,Y,Blacks,,only black lives matter
oyonextbigideas,N,,,oyo next big ideas
p101,N,,,p101
pappystips,N,,,pappy s tips
pattherocskillsacademy,N,,,pat the roc skills academy
picscomingsoon,N,,,pics coming soon
picsforravepixx,N,,,pics for rave pixx
placestobe,N,,,places to be
pleaseyourdatein4words,Y,dating,,please your date in4 words
pointlessblog4msubscribers,Y,blog,,pointless blog 4m subscribers
pointlessblogsbestmoments,Y,blog,,pointless blogs best moments
popularinthe90s,Y,90s,,popular in the 90s
preachersofdetroit,Y,detroit,,preachers of detroit
prevalentinebreakuplines,Y,breakup,valentine,pre valentine break up lines
princessofcambridge,Y,Cambridge,,princess of cambridge
problema,N,,,problema
problemarambutbasah,N,,,problem aram but basah
problemsolve,N,,,problem solve
rainfahriatsctvawards,N,,,rain fahr i atsc tv awards
reasonstobeatyourgirlfriend,N,,,reasons to be at your girlfriend
reasonstobecheerful,Y,cheerful,,reasons to be cheerful
reasonswhyimstillinyourlife,N,,,reasons why im still in your life
reasonswhypeoplebreakup,Y,breakup,,reasons why people break up
reasonswhypeoplechange,Y,change,,reasons why people change
reasonswhywelove1d,N,,,reasons why we love 1d
reasontoshipstelena,N,,,reason to ship st elena
reclaimthefacts,N,,,reclaim the facts
relax1013,N,,,relax1013
republicanshateamerica,Y,America,,republicans hate america
ruinadateinfivewords,Y,dating,,ruin a date in five words
ruinadatewithanacademicinfivewords,Y,dating,,ruin a date with an academic in five words
rulesinablackhouse,Y,Blacks,,rules in a black house
rulesofattraction,Y,rules,,rules of attraction
rulesofbusiness,Y,business,,rules of business
ryersonproblems,N,,,ryerson problems
scaremeshitlessawards2014,N,,,scare me shitless awards 2014
sendpics,N,,,send pics
sevtalk101,N,,,sevtalk101
shappsfacts,N,,,sh apps facts
shareyourinsights,N,,,share your insights
shit101,N,,,shit101
shotpictures,N,,,shot pictures
skillsconf15,N,,,skills conf15
skillsoft,N,,,skillsoft
skillspaybills,N,,,skills pay bills
skillstraining,N,,,skills training
smoothsongfacts,N,,,smooth songfacts
sofskills,N,,,s of skills
spacepioneerawardseehttptcoqkvlwb21vv,N,,,space pioneer awards eehttptcoqkvlwb21vv
spoiledproblems,N,,,spoiled problems
stanproblems,N,,,stan problems
stomptheyardatl41015708,N,,,stomp the yardatl41015708
strugglesofbeingcanadian,Y,canada,,struggles of being canadian
styleadviceinfivewords,Y,advice,,style advice in five words
tdm101best,N,,,tdm101 best
teenagememories,Y,childhood,,teenage memories
teenchoiceawards2015,Y,awards,,teen choice awards 2015
tendoesawardseason,N,,,ten does award season
terriblecustomerservice,Y,Customer Service,,terrible customer service
thatsfacts,N,,,thats facts
thatswhatmakeslukebeautiful,Y,Beautiful,,thats what makes luke beautiful
thatswhywebrokeup,Y,breakup,,thats why we broke up
thebandthatlostthexfactorbutwontheworld,Y,bands,,the band that lost the xfactor but won the world
thebestcureforboredomis,Y,boredom,,the best cure for boredom is
Thebestmanintheworld,Y,best man,,the best man in the world
thebestplacestovisit,Y,Best Places,,the best places to visit
Thebestthingever,Y,best things,,the best thing ever
Theblacklistrocks,Y,Blacklist,,the blacklist rocks
Thedaysofchildhood,Y,childhood,,the days of childhood
TheLiesOfTheCivilRightsMovemrnt,Y,civil rights movement,,the lies of the civil rights move mr nt
ThemostbeautifulPrince,Y,beautiful prince,,the most beautiful prince
thestruggleofahighnigga,Y,blacks,,the struggle of a high nigga
thesturgglesofahighnigga,Y,blacks,,the stu rgg les of a high nigga
TheWorldsSafestAirline,Y,airlines,,the worlds safest airline
TheWorstChristianBooksIOwn,Y,Books,,the worst christian books i own
TheWorstCommentatorEVER,Y,commentator,,the worst commentator ever
TheWorstConversationStarter,Y,Conversation,,the worst conversation starter
TheYoungCreativeAwards,Y,creative awards,,the young creative awards
thingsidratherdothanrevisethisweekendface,N,,,things id rather dothan revise this weekend face
thingsiregretis,N,,,things i regret is
thingsiwillneverunderstand,N,,,things i will never understand
thingsiwonder,N,,,things i wonder
thingsmorelikelythanliverpoolwinningthefacuphagrid,N,,,things more likely than liverpool winning the fac up hagrid
thingsmorelikelythanliverpoolwinningthefacupme,N,,,things more likely than liverpool winning the fac up me
thingsmydadwillsayme,N,,,things my dad will say me
thingsmyhusbandsays,N,,,things my husband says
thingsneversaid,N,,,things never said
thingsonhowardshead,N,,,things on howards head
thingsphilbroughtdown,N,,,things phil brought down
thingssomepeopledonthave,N,,,things some people dont have
thingsthatannoyme,Y,annoy,,things that annoy me
thingstodobeforeidiemeet,N,,,things to do before i die meet
thingsyoucantunsee,N,,,things you can tun see
thisiswhypeoplebuyonline,Y,buy online,,this is why people buy online
thisiswhypeoplecheat,Y,cheat,,this is why people cheat
thisiswhypeoplehateamerica,Y,america,,this is why people hate america
tiffanyscutestdogintheworld,N,,,tiffanys cutest dog in the world
tips100,N,,,tips100
tips10499end,N,,,tips10499end
tips120,N,,,tips120
tips149,N,,,tips149
tips16999end,N,,,tips16999end
tips18000end,N,,,tips18000end
tips199,N,,,tips199
tips20900end,N,,,tips20900end
tips24900,N,,,tips24900
tips26000end,N,,,tips26000end
tips30000,N,,,tips30000
tips30000end,N,,,tips30000end
tips35000,N,,,tips35000
tips45000end,N,,,tips45000end
tips49900end,N,,,tips49900end
tips500,N,,,tips500
tips5154end,N,,,tips5154end
tips53,N,,,tips53
tips5300,N,,,tips5300
tips5440end,N,,,tips5440end
tips5487end,N,,,tips5487end
tips57,N,,,tips57
tips5700,N,,,tips5700
tips58999end,N,,,tips58999end
tips62,N,,,tips62
tips64,N,,,tips64
tips650,N,,,tips650
tips6600end,N,,,tips6600end
tips7250end,N,,,tips7250end
tips7399end,N,,,tips7399end
tips7400end,N,,,tips7400end
tips7495end,N,,,tips7495end
tips7500en,N,,,tips7500en
tips77,N,,,tips77
tips7799end,N,,,tips7799end
tips78,N,,,tips78
tips7899end,N,,,tips7899end
tips7995,N,,,tips7995
tips8995,N,,,tips8995
tips990,N,,,tips990
tipsampampstrategies,N,,,tips amp amp strategies
tipsarevic,N,,,tips are vic
tipsdepediatria,N,,,tips de pediatria
TipsForCollegeTuition,Y,College,,tips for college tuition
tipshat,N,,,tips hat
tipswithmatt,N,,,tips with matt
tipsytuesdays,N,,,tipsy tuesdays
tipsytweets,N,,,tipsy tweet s
Top100digitalagencies,Y,Digital Agencies,,to p100 digital agencies
top10criminalsjust,Y,criminals,,to p10 criminals just
Top10LiesNiggasTell,Y,blacks,lies,to p10liesniggas tell
Top10MostBeautifulBlondes,Y,Blondes,,to p10 most beautiful blondes
top3at5,N,,,to p3at5
Top3FavoriteComics,Y,comics,,to p3 favorite comics
top3videosleodavinci,N,,,to p3videosleo davinci
top40httptcoxenxuk1s5o,N,,,to p40httptcoxenxuk1s5o
Top5ArtistsILike,Y,artist,,to p5 artists i like
top5in,N,,,to p5in
top5s,N,,,to p5s
top9japartymix,N,,,to p9japartymix
topelevenfreetokens,N,,,top eleven free tokens
toptenlist,N,,,top ten list
TruthsBlackPeopleHate,Y,blacks,truths,truths black people hate
tuesdaytopics,N,,,tuesday topics
tweetfourpictureswithoutlooking,N,,,tweet four pictures without looking
tweetyour2014royalspics,N,,,tweetyour2014 royals pics
UgliestBuildingsEver,Y,Buildings,,ugliest buildings ever
ugliesthotchickinAmerica,Y,America,,ugliest hot chick in america
ujtips,N,,,uj tips
universaltruthsofcycling,Y,cycling,truths,universal truths of cycling
unpopular80sbands,Y,bands,,unpopular 80s bands
unsolicitedadvicein5words,Y,advice,,unsolicited advice in5 words
usbloggerchat,Y,blog,,us blogger chat
valueofadvice,N,,,value of advice
vijayawardsfirstlook,N,,,vijay awards first look
vote1dforhollywoodmusicawardsyou,N,,,vote1d for hollywood music awards you
votewhatmakesyoubeatiful,Y,beautiful,,vote what makes you beatiful
votewhatmakesyoubeautiful,Y,beautiful,,vote what makes you beautiful
waystoconfuseachild,Y,children,,ways to confuse a child
waystogetaguy,Y,Dating,,ways to get a guy
waystogetleftonread,N,,,ways to get left on read
waystoimproveadate,Y,Dating,,ways to improve a date
waystoIMPROVEadate,Y,Dating,,ways to improve a date
waystomakememad,N,,,ways to make me mad
wecantdateif,Y,dating,,we cant date if
weekinpics,N,,,week in pics
whatmakesbuckinghamspecial,Y,Buckingham,,what makes buckingham special
whenyoureboredoversummer,Y,boredom,,when your e bored over summer
whitepeopleconfessions,Y,Confessions,,white people confessions
whogoat101,N,,,whogoat101
whygirlshateguys,Y,Dating,,why girls hate guys
whypeoplecheat,Y,cheat,,why people cheat
whypeopledie,Y,death,,why people die
whypeoplehateairlines,Y,airlines,,why people hate airlines
whypeoplehatebanks,Y,Banks,,why people hate banks
whywelovetheomahaboys,Y,Boys,,why we love the omaha boys
wildlifecriminals,Y,criminals,,wildlife criminals
winner10pics,N,,,winner 10pics
winpollsgetperks,N,,,win polls get perks
wodawards2015,N,,,wodawards2015
worldsangriestcricketet,Y,Cricket,,worlds angriest cricket et
worldsbestchancellor,Y,best chancellor,,worlds best chancellor
worldsbiggestapologymelissa,N,,,worlds biggest apology melissa
worldsbiggestbookclub,Y,book club,,worlds biggest book club
worldsBiggestBullies,Y,bullies,,worlds biggest bullies
worldsbiggestcompany,Y,company,,worlds biggest company
worldsdumbestcriminals,Y,criminals,,worlds dumbest criminals
worldsMostBoringStuff...,Y,boredom,,worlds most boring stuff
worldsworstcriminals,Y,criminals,,worlds worst criminals
worsecollegeclasses,Y,college,,worse college classes
worstbossin5words,Y,Boss,,worst bossin5 words
worstchildhoodrumors,Y,children,,worst childhood rumors
worstcooksinamerica,Y,american cooks,,worst cooks in america
worstcustomerservice,Y,customer service,,worst customer service
worstdatein5words,Y,dating,,worst date in5 words
worstdecisionever,Y,decision,,worst decision ever
yesalsc101,N,,,yesalsc101
youaremoreatractiveif,Y,attractive,,you are more atractive if
youaretheproblem,N,,,you are the problem
youreattractiveif,Y,attractive,,your e attractive if
youremoreatractiveif,Y,attractive,,your e more atractive if
youremoreatrractiveif,Y,attractive,,your e more at rr active if
zaynatasianawards,N,,,zayn at asian awards
zaynmalikfacts,N,,,zayn malik facts
zaynmalikquotes,N,,,zayn malik quotes
